,User ID,Password,Name,Department,Course Name,Year,Course,Company,Domain,Weeks of Work,Guide Name,Guide Email,Guide Designation
0,2211200,,kan,ds,ds,3.0,ds,ey,ds,3.0,n,n@,f
1,2211201,,,,,,,,,,,,
2,2211202,,,,,,,,,,,,
3,2211203,,,,,,,,,,,,
4,2211204,,,,,,,,,,,,
5,2211205,,,,,,,,,,,,
6,2211206,,,,,,,,,,,,
7,2211207,,,,,,,,,,,,
8,2211208,,,,,,,,,,,,
9,2211209,,,,,,,,,,,,
10,2211210,,,,,,,,,,,,
11,2211211,,,,,,,,,,,,
12,2211212,,,,,,,,,,,,
13,2211213,,,,,,,,,,,,
14,2211214,,,,,,,,,,,,
15,2211215,,,,,,,,,,,,
16,2211216,,,,,,,,,,,,
17,2211217,,,,,,,,,,,,
18,2211218,,,,,,,,,,,,
19,2211219,,,,,,,,,,,,
20,2211220,,,,,,,,,,,,
21,2211221,,,,,,,,,,,,
22,2211222,,,,,,,,,,,,
23,2211223,,,,,,,,,,,,
24,2211224,,,,,,,,,,,,
25,2211225,,,,,,,,,,,,
26,2211226,,,,,,,,,,,,
27,2211227,,,,,,,,,,,,
28,2211228,,,,,,,,,,,,
29,2211229,,,,,,,,,,,,
30,2211230,,,,,,,,,,,,
31,2211231,,,,,,,,,,,,
32,2211232,,,,,,,,,,,,
33,2211233,,,,,,,,,,,,
34,2211234,,,,,,,,,,,,
35,2211235,,,,,,,,,,,,
36,2211236,,,,,,,,,,,,
37,2211237,,,,,,,,,,,,
38,2211238,,,,,,,,,,,,
39,2211239,,,,,,,,,,,,
40,2211240,,,,,,,,,,,,
41,2211241,,,,,,,,,,,,
42,2211242,,,,,,,,,,,,
43,2211243,,,,,,,,,,,,
44,2211244,,,,,,,,,,,,
45,2211245,,,,,,,,,,,,
46,2211246,,,,,,,,,,,,
47,2211247,,,,,,,,,,,,
48,2211248,,,,,,,,,,,,
49,2211249,,,,,,,,,,,,
50,2211250,,,,,,,,,,,,
51,2211251,,,,,,,,,,,,
52,2211252,,,,,,,,,,,,
53,2211253,,,,,,,,,,,,
54,2211254,,,,,,,,,,,,
55,2211255,,,,,,,,,,,,
56,2211256,,,,,,,,,,,,
57,2211257,,,,,,,,,,,,
58,2211258,,,,,,,,,,,,
59,2211259,,,,,,,,,,,,
60,2211260,,,,,,,,,,,,
61,2211261,,,,,,,,,,,,
62,2211262,,,,,,,,,,,,
63,2211263,,,,,,,,,,,,
64,2211264,,,,,,,,,,,,
65,2211265,,,,,,,,,,,,
66,2211266,,,,,,,,,,,,
67,2211267,,,,,,,,,,,,
68,2211268,,,,,,,,,,,,
69,2211269,,,,,,,,,,,,
70,2211270,,,,,,,,,,,,
71,2211271,,,,,,,,,,,,
72,2211272,,,,,,,,,,,,
73,2211273,,,,,,,,,,,,
74,2211274,,,,,,,,,,,,
75,2211275,,,,,,,,,,,,
76,2211276,,,,,,,,,,,,
77,2211277,,,,,,,,,,,,
78,2211278,,,,,,,,,,,,
79,2211279,,,,,,,,,,,,
80,2211280,,,,,,,,,,,,
81,2211281,,,,,,,,,,,,
82,2211282,,,,,,,,,,,,
83,2211283,,,,,,,,,,,,
84,2211284,,,,,,,,,,,,
85,2211285,,,,,,,,,,,,
86,2211286,,,,,,,,,,,,
87,2211287,,,,,,,,,,,,
88,2211288,,,,,,,,,,,,
89,2211289,,,,,,,,,,,,
90,2211290,,,,,,,,,,,,
91,2211291,,,,,,,,,,,,
92,2211292,,,,,,,,,,,,
93,2211293,,,,,,,,,,,,
94,2211294,,,,,,,,,,,,
95,2211295,,,,,,,,,,,,
96,2211296,,,,,,,,,,,,
97,2211297,,,,,,,,,,,,
98,2211298,,,,,,,,,,,,
99,2211299,,,,,,,,,,,,
100,2211300,,,,,,,,,,,,
101,2211301,,,,,,,,,,,,
102,2211302,,,,,,,,,,,,
103,2211303,,,,,,,,,,,,
104,2211304,,,,,,,,,,,,
105,2211305,,,,,,,,,,,,
106,2211306,,,,,,,,,,,,
107,2211307,,,,,,,,,,,,
108,2211308,,,,,,,,,,,,
109,2211309,,,,,,,,,,,,
110,2211310,,,,,,,,,,,,
111,2211311,,,,,,,,,,,,
112,2211312,,,,,,,,,,,,
113,2211313,,,,,,,,,,,,
114,2211314,,,,,,,,,,,,
115,2211315,,,,,,,,,,,,
116,2211316,,,,,,,,,,,,
117,2211317,,,,,,,,,,,,
118,2211318,,,,,,,,,,,,
119,2211319,,,,,,,,,,,,
120,2211320,,,,,,,,,,,,
121,2211321,,,,,,,,,,,,
122,2211322,,,,,,,,,,,,
123,2211323,,,,,,,,,,,,
124,2211324,,,,,,,,,,,,
125,2211325,,,,,,,,,,,,
126,2211326,,,,,,,,,,,,
127,2211327,,,,,,,,,,,,
128,2211328,,,,,,,,,,,,
129,2211329,,,,,,,,,,,,
130,2211330,,,,,,,,,,,,
131,2211331,,,,,,,,,,,,
132,2211332,,,,,,,,,,,,
133,2211333,,,,,,,,,,,,
134,2211334,,,,,,,,,,,,
135,2211335,,,,,,,,,,,,
136,2211336,,,,,,,,,,,,
137,2211337,,,,,,,,,,,,
138,2211338,,,,,,,,,,,,
139,2211339,,,,,,,,,,,,
140,2211340,,,,,,,,,,,,
141,2211341,,,,,,,,,,,,
142,2211342,,,,,,,,,,,,
143,2211343,,,,,,,,,,,,
144,2211344,,,,,,,,,,,,
145,2211345,,,,,,,,,,,,
146,2211346,,,,,,,,,,,,
147,2211347,,,,,,,,,,,,
148,2211348,,,,,,,,,,,,
149,2211349,,,,,,,,,,,,
150,2211350,,,,,,,,,,,,
151,2211351,,,,,,,,,,,,
152,2211352,,,,,,,,,,,,
153,2211353,,,,,,,,,,,,
154,2211354,,,,,,,,,,,,
155,2211355,,,,,,,,,,,,
156,2211356,,,,,,,,,,,,
157,2211357,,,,,,,,,,,,
158,2211358,,,,,,,,,,,,
159,2211359,,,,,,,,,,,,
160,2211360,,,,,,,,,,,,
161,2211361,,,,,,,,,,,,
162,2211362,,,,,,,,,,,,
163,2211363,,,,,,,,,,,,
164,2211364,,,,,,,,,,,,
165,2211365,,,,,,,,,,,,
166,2211366,,,,,,,,,,,,
167,2211367,,,,,,,,,,,,
168,2211368,,,,,,,,,,,,
169,2211369,,,,,,,,,,,,
170,2211370,,,,,,,,,,,,
171,2211371,,,,,,,,,,,,
172,2211372,,,,,,,,,,,,
173,2211373,,,,,,,,,,,,
174,2211374,,,,,,,,,,,,
175,2211375,,,,,,,,,,,,
176,2211376,,,,,,,,,,,,
177,2211377,,,,,,,,,,,,
178,2211378,,,,,,,,,,,,
179,2211379,,,,,,,,,,,,
180,2211380,,,,,,,,,,,,
181,2211381,,,,,,,,,,,,
182,2211382,,,,,,,,,,,,
183,2211383,,,,,,,,,,,,
184,2211384,,,,,,,,,,,,
185,2211385,,,,,,,,,,,,
186,2211386,,,,,,,,,,,,
187,2211387,,,,,,,,,,,,
188,2211388,,,,,,,,,,,,
189,2211389,,,,,,,,,,,,
190,2211390,,,,,,,,,,,,
191,2211391,,,,,,,,,,,,
192,2211392,,,,,,,,,,,,
193,2211393,,,,,,,,,,,,
194,2211394,,,,,,,,,,,,
195,2211395,,,,,,,,,,,,
196,2211396,,,,,,,,,,,,
197,2211397,,,,,,,,,,,,
198,2211398,,,,,,,,,,,,
199,2211399,,,,,,,,,,,,
200,2211400,,,,,,,,,,,,
201,2211401,,,,,,,,,,,,
202,2211402,,,,,,,,,,,,
203,2211403,,,,,,,,,,,,
204,2211404,,,,,,,,,,,,
205,2211405,,,,,,,,,,,,
206,2211406,,,,,,,,,,,,
207,2211407,,,,,,,,,,,,
208,2211408,,,,,,,,,,,,
209,2211409,,,,,,,,,,,,
210,2211410,,,,,,,,,,,,
211,2211411,,,,,,,,,,,,
212,2211412,,,,,,,,,,,,
213,2211413,,,,,,,,,,,,
214,2211414,,,,,,,,,,,,
215,2211415,,,,,,,,,,,,
216,2211416,,,,,,,,,,,,
217,2211417,,,,,,,,,,,,
218,2211418,,,,,,,,,,,,
219,2211419,,,,,,,,,,,,
220,2211420,,,,,,,,,,,,
221,2211421,,,,,,,,,,,,
222,2211422,,,,,,,,,,,,
223,2211423,,,,,,,,,,,,
224,2211424,,,,,,,,,,,,
225,2211425,,,,,,,,,,,,
226,2211426,,,,,,,,,,,,
227,2211427,,,,,,,,,,,,
228,2211428,,,,,,,,,,,,
229,2211429,,,,,,,,,,,,
230,2211430,,,,,,,,,,,,
231,2211431,,,,,,,,,,,,
232,2211432,,,,,,,,,,,,
233,2211433,,,,,,,,,,,,
234,2211434,,,,,,,,,,,,
235,2211435,,,,,,,,,,,,
236,2211436,,,,,,,,,,,,
237,2211437,,,,,,,,,,,,
238,2211438,,,,,,,,,,,,
239,2211439,,,,,,,,,,,,
240,2211440,,,,,,,,,,,,
241,2211441,,,,,,,,,,,,
242,2211442,,,,,,,,,,,,
243,2211443,,,,,,,,,,,,
244,2211444,,,,,,,,,,,,
245,2211445,,,,,,,,,,,,
246,2211446,,,,,,,,,,,,
247,2211447,,,,,,,,,,,,
248,2211448,,,,,,,,,,,,
249,2211449,,,,,,,,,,,,
250,2211450,,,,,,,,,,,,
251,2211451,,,,,,,,,,,,
252,2211452,,,,,,,,,,,,
253,2211453,,,,,,,,,,,,
254,2211454,,,,,,,,,,,,
255,2211455,,,,,,,,,,,,
256,2211456,,,,,,,,,,,,
257,2211457,,,,,,,,,,,,
258,2211458,,,,,,,,,,,,
259,2211459,,,,,,,,,,,,
260,2211460,,,,,,,,,,,,
261,2211461,,,,,,,,,,,,
262,2211462,,,,,,,,,,,,
263,2211463,,,,,,,,,,,,
264,2211464,,,,,,,,,,,,
265,2211465,,,,,,,,,,,,
266,2211466,,,,,,,,,,,,
267,2211467,,,,,,,,,,,,
268,2211468,,,,,,,,,,,,
269,2211469,,,,,,,,,,,,
270,2211470,,,,,,,,,,,,
271,2211471,,,,,,,,,,,,
272,2211472,,,,,,,,,,,,
273,2211473,,,,,,,,,,,,
274,2211474,,,,,,,,,,,,
275,2211475,,,,,,,,,,,,
276,2211476,,,,,,,,,,,,
277,2211477,,,,,,,,,,,,
278,2211478,,,,,,,,,,,,
279,2211479,,,,,,,,,,,,
280,2211480,,,,,,,,,,,,
281,2211481,,,,,,,,,,,,
282,2211482,,,,,,,,,,,,
283,2211483,,,,,,,,,,,,
284,2211484,,,,,,,,,,,,
285,2211485,,,,,,,,,,,,
286,2211486,,,,,,,,,,,,
287,2211487,,,,,,,,,,,,
288,2211488,,,,,,,,,,,,
289,2211489,,,,,,,,,,,,
290,2211490,,,,,,,,,,,,
291,2211491,,,,,,,,,,,,
292,2211492,,,,,,,,,,,,
293,2211493,,,,,,,,,,,,
294,2211494,,,,,,,,,,,,
295,2211495,,,,,,,,,,,,
296,2211496,,,,,,,,,,,,
297,2211497,,,,,,,,,,,,
298,2211498,,,,,,,,,,,,
299,2211499,,,,,,,,,,,,
300,2211500,,,,,,,,,,,,
301,2211501,,,,,,,,,,,,
302,2211502,,,,,,,,,,,,
303,2211503,,,,,,,,,,,,
304,2211504,,,,,,,,,,,,
305,2211505,,,,,,,,,,,,
306,2211506,,,,,,,,,,,,
307,2211507,,,,,,,,,,,,
308,2211508,,,,,,,,,,,,
309,2211509,,,,,,,,,,,,
310,2211510,,,,,,,,,,,,
311,2211511,,,,,,,,,,,,
312,2211512,,,,,,,,,,,,
313,2211513,,,,,,,,,,,,
314,2211514,,,,,,,,,,,,
315,2211515,,,,,,,,,,,,
316,2211516,,,,,,,,,,,,
317,2211517,,,,,,,,,,,,
318,2211518,,,,,,,,,,,,
319,2211519,,,,,,,,,,,,
320,2211520,,,,,,,,,,,,
321,2211521,,,,,,,,,,,,
322,2211522,,,,,,,,,,,,
323,2211523,,,,,,,,,,,,
324,2211524,,,,,,,,,,,,
325,2211525,,,,,,,,,,,,
326,2211526,,,,,,,,,,,,
327,2211527,,,,,,,,,,,,
328,2211528,,,,,,,,,,,,
329,2211529,,,,,,,,,,,,
330,2211530,,,,,,,,,,,,
331,2211531,,,,,,,,,,,,
332,2211532,,,,,,,,,,,,
333,2211533,,,,,,,,,,,,
334,2211534,,,,,,,,,,,,
335,2211535,,,,,,,,,,,,
336,2211536,,,,,,,,,,,,
337,2211537,,,,,,,,,,,,
338,2211538,,,,,,,,,,,,
339,2211539,,,,,,,,,,,,
340,2211540,,,,,,,,,,,,
341,2211541,,,,,,,,,,,,
342,2211542,,,,,,,,,,,,
343,2211543,,,,,,,,,,,,
344,2211544,,,,,,,,,,,,
345,2211545,,,,,,,,,,,,
346,2211546,,,,,,,,,,,,
347,2211547,,,,,,,,,,,,
348,2211548,,,,,,,,,,,,
349,2211549,,,,,,,,,,,,
350,2211550,,,,,,,,,,,,
351,2211551,,,,,,,,,,,,
352,2211552,,,,,,,,,,,,
353,2211553,,,,,,,,,,,,
354,2211554,,,,,,,,,,,,
355,2211555,,,,,,,,,,,,
356,2211556,,,,,,,,,,,,
357,2211557,,,,,,,,,,,,
358,2211558,,,,,,,,,,,,
359,2211559,,,,,,,,,,,,
360,2211560,,,,,,,,,,,,
361,2211561,,,,,,,,,,,,
362,2211562,,,,,,,,,,,,
363,2211563,,,,,,,,,,,,
364,2211564,,,,,,,,,,,,
365,2211565,,,,,,,,,,,,
366,2211566,,,,,,,,,,,,
367,2211567,,,,,,,,,,,,
368,2211568,,,,,,,,,,,,
369,2211569,,,,,,,,,,,,
370,2211570,,,,,,,,,,,,
371,2211571,,,,,,,,,,,,
372,2211572,,,,,,,,,,,,
373,2211573,,,,,,,,,,,,
374,2211574,,,,,,,,,,,,
375,2211575,,,,,,,,,,,,
376,2211576,,,,,,,,,,,,
377,2211577,,,,,,,,,,,,
378,2211578,,,,,,,,,,,,
379,2211579,,,,,,,,,,,,
380,2211580,,,,,,,,,,,,
381,2211581,,,,,,,,,,,,
382,2211582,,,,,,,,,,,,
383,2211583,,,,,,,,,,,,
384,2211584,,,,,,,,,,,,
385,2211585,,,,,,,,,,,,
386,2211586,,,,,,,,,,,,
387,2211587,,,,,,,,,,,,
388,2211588,,,,,,,,,,,,
389,2211589,,,,,,,,,,,,
390,2211590,,,,,,,,,,,,
391,2211591,,,,,,,,,,,,
392,2211592,,,,,,,,,,,,
393,2211593,,,,,,,,,,,,
394,2211594,,,,,,,,,,,,
395,2211595,,,,,,,,,,,,
396,2211596,,,,,,,,,,,,
397,2211597,,,,,,,,,,,,
398,2211598,,,,,,,,,,,,
399,2211599,,,,,,,,,,,,
400,2211600,,,,,,,,,,,,
401,2211601,,,,,,,,,,,,
402,2211602,,,,,,,,,,,,
403,2211603,,,,,,,,,,,,
404,2211604,,,,,,,,,,,,
405,2211605,,,,,,,,,,,,
406,2211606,,,,,,,,,,,,
407,2211607,,,,,,,,,,,,
408,2211608,,,,,,,,,,,,
409,2211609,,,,,,,,,,,,
410,2211610,,,,,,,,,,,,
411,2211611,,,,,,,,,,,,
412,2211612,,,,,,,,,,,,
413,2211613,,,,,,,,,,,,
414,2211614,,,,,,,,,,,,
415,2211615,,,,,,,,,,,,
416,2211616,,,,,,,,,,,,
417,2211617,,,,,,,,,,,,
418,2211618,,,,,,,,,,,,
419,2211619,,,,,,,,,,,,
420,2211620,,,,,,,,,,,,
421,2211621,,,,,,,,,,,,
422,2211622,,,,,,,,,,,,
423,2211623,,,,,,,,,,,,
424,2211624,,,,,,,,,,,,
425,2211625,,,,,,,,,,,,
426,2211626,,,,,,,,,,,,
427,2211627,,,,,,,,,,,,
428,2211628,,,,,,,,,,,,
429,2211629,,,,,,,,,,,,
430,2211630,,,,,,,,,,,,
431,2211631,,,,,,,,,,,,
432,2211632,,,,,,,,,,,,
433,2211633,,,,,,,,,,,,
434,2211634,,,,,,,,,,,,
435,2211635,,,,,,,,,,,,
436,2211636,,,,,,,,,,,,
437,2211637,,,,,,,,,,,,
438,2211638,,,,,,,,,,,,
439,2211639,,,,,,,,,,,,
440,2211640,,,,,,,,,,,,
441,2211641,,,,,,,,,,,,
442,2211642,,,,,,,,,,,,
443,2211643,,,,,,,,,,,,
444,2211644,,,,,,,,,,,,
445,2211645,,,,,,,,,,,,
446,2211646,,,,,,,,,,,,
447,2211647,,,,,,,,,,,,
448,2211648,,,,,,,,,,,,
449,2211649,,,,,,,,,,,,
450,2211650,,,,,,,,,,,,
451,2211651,,,,,,,,,,,,
452,2211652,,,,,,,,,,,,
453,2211653,,,,,,,,,,,,
454,2211654,,,,,,,,,,,,
455,2211655,,,,,,,,,,,,
456,2211656,,,,,,,,,,,,
457,2211657,,,,,,,,,,,,
458,2211658,,,,,,,,,,,,
459,2211659,,,,,,,,,,,,
460,2211660,,,,,,,,,,,,
461,2211661,,,,,,,,,,,,
462,2211662,,,,,,,,,,,,
463,2211663,,,,,,,,,,,,
464,2211664,,,,,,,,,,,,
465,2211665,,,,,,,,,,,,
466,2211666,,,,,,,,,,,,
467,2211667,,,,,,,,,,,,
468,2211668,,,,,,,,,,,,
469,2211669,,,,,,,,,,,,
470,2211670,,,,,,,,,,,,
471,2211671,,,,,,,,,,,,
472,2211672,,,,,,,,,,,,
473,2211673,,,,,,,,,,,,
474,2211674,,,,,,,,,,,,
475,2211675,,,,,,,,,,,,
476,2211676,,,,,,,,,,,,
477,2211677,,,,,,,,,,,,
478,2211678,,,,,,,,,,,,
479,2211679,,,,,,,,,,,,
480,2211680,,,,,,,,,,,,
481,2211681,,,,,,,,,,,,
482,2211682,,,,,,,,,,,,
483,2211683,,,,,,,,,,,,
484,2211684,,,,,,,,,,,,
485,2211685,,,,,,,,,,,,
486,2211686,,,,,,,,,,,,
487,2211687,,,,,,,,,,,,
488,2211688,,,,,,,,,,,,
489,2211689,,,,,,,,,,,,
490,2211690,,,,,,,,,,,,
491,2211691,,,,,,,,,,,,
492,2211692,,,,,,,,,,,,
493,2211693,,,,,,,,,,,,
494,2211694,,,,,,,,,,,,
495,2211695,,,,,,,,,,,,
496,2211696,,,,,,,,,,,,
497,2211697,,,,,,,,,,,,
498,2211698,,,,,,,,,,,,
499,2211699,,,,,,,,,,,,
