,User ID,Password,Name,Year,Department,Course,University Name,Domain,Start Date,End Date,Guide Email,Guide Designation,Publication
0,2211200.0,,chaitanya,3.0,ds,2bscea,nmims,eco,2023-11-22,2023-12-22,ch@gmail,manager,springer
1,2211201.0,,,,,,,,,,,,
2,2211202.0,,,,,,,,,,,,
3,2211203.0,,,,,,,,,,,,
4,2211204.0,,,,,,,,,,,,
5,2211205.0,,,,,,,,,,,,
6,2211206.0,,,,,,,,,,,,
7,2211207.0,,,,,,,,,,,,
8,2211208.0,,,,,,,,,,,,
9,2211209.0,,,,,,,,,,,,
10,2211210.0,,,,,,,,,,,,
11,2211211.0,,,,,,,,,,,,
12,2211212.0,,,,,,,,,,,,
13,2211213.0,,,,,,,,,,,,
14,2211214.0,,,,,,,,,,,,
15,2211215.0,,,,,,,,,,,,
16,2211216.0,,,,,,,,,,,,
17,2211217.0,,,,,,,,,,,,
18,2211218.0,,,,,,,,,,,,
19,2211219.0,,,,,,,,,,,,
20,2211220.0,,,,,,,,,,,,
21,2211221.0,,,,,,,,,,,,
22,2211222.0,,,,,,,,,,,,
23,2211223.0,,,,,,,,,,,,
24,2211224.0,,,,,,,,,,,,
25,2211225.0,,,,,,,,,,,,
26,2211226.0,,,,,,,,,,,,
27,2211227.0,,,,,,,,,,,,
28,2211228.0,,,,,,,,,,,,
29,2211229.0,,,,,,,,,,,,
30,2211230.0,,,,,,,,,,,,
31,2211231.0,,,,,,,,,,,,
32,2211232.0,,,,,,,,,,,,
33,2211233.0,,,,,,,,,,,,
34,2211234.0,,,,,,,,,,,,
35,2211235.0,,,,,,,,,,,,
36,2211236.0,,,,,,,,,,,,
37,2211237.0,,,,,,,,,,,,
38,2211238.0,,,,,,,,,,,,
39,2211239.0,,,,,,,,,,,,
40,2211240.0,,,,,,,,,,,,
41,2211241.0,,,,,,,,,,,,
42,2211242.0,,,,,,,,,,,,
43,2211243.0,,,,,,,,,,,,
44,2211244.0,,,,,,,,,,,,
45,2211245.0,,,,,,,,,,,,
46,2211246.0,,,,,,,,,,,,
47,2211247.0,,,,,,,,,,,,
48,2211248.0,,,,,,,,,,,,
49,2211249.0,,,,,,,,,,,,
50,2211250.0,,,,,,,,,,,,
51,2211251.0,,,,,,,,,,,,
52,2211252.0,,,,,,,,,,,,
53,2211253.0,,,,,,,,,,,,
54,2211254.0,,,,,,,,,,,,
55,2211255.0,,,,,,,,,,,,
56,2211256.0,,,,,,,,,,,,
57,2211257.0,,,,,,,,,,,,
58,2211258.0,,,,,,,,,,,,
59,2211259.0,,,,,,,,,,,,
60,2211260.0,,,,,,,,,,,,
61,2211261.0,,,,,,,,,,,,
62,2211262.0,,,,,,,,,,,,
63,2211263.0,,,,,,,,,,,,
64,2211264.0,,,,,,,,,,,,
65,2211265.0,,,,,,,,,,,,
66,2211266.0,,,,,,,,,,,,
67,2211267.0,,,,,,,,,,,,
68,2211268.0,,,,,,,,,,,,
69,2211269.0,,,,,,,,,,,,
70,2211270.0,,,,,,,,,,,,
71,2211271.0,,,,,,,,,,,,
72,2211272.0,,,,,,,,,,,,
73,2211273.0,,,,,,,,,,,,
74,2211274.0,,,,,,,,,,,,
75,2211275.0,,,,,,,,,,,,
76,2211276.0,,,,,,,,,,,,
77,2211277.0,,,,,,,,,,,,
78,2211278.0,,,,,,,,,,,,
79,2211279.0,,,,,,,,,,,,
80,2211280.0,,,,,,,,,,,,
81,2211281.0,,,,,,,,,,,,
82,2211282.0,,,,,,,,,,,,
83,2211283.0,,,,,,,,,,,,
84,2211284.0,,,,,,,,,,,,
85,2211285.0,,,,,,,,,,,,
86,2211286.0,,,,,,,,,,,,
87,2211287.0,,,,,,,,,,,,
88,2211288.0,,,,,,,,,,,,
89,2211289.0,,,,,,,,,,,,
90,2211290.0,,,,,,,,,,,,
91,2211291.0,,,,,,,,,,,,
92,2211292.0,,,,,,,,,,,,
93,2211293.0,,,,,,,,,,,,
94,2211294.0,,,,,,,,,,,,
95,2211295.0,,,,,,,,,,,,
96,2211296.0,,,,,,,,,,,,
97,2211297.0,,,,,,,,,,,,
98,2211298.0,,,,,,,,,,,,
99,2211299.0,,,,,,,,,,,,
100,2211300.0,,,,,,,,,,,,
101,2211301.0,,,,,,,,,,,,
102,2211302.0,,,,,,,,,,,,
103,2211303.0,,,,,,,,,,,,
104,2211304.0,,,,,,,,,,,,
105,2211305.0,,,,,,,,,,,,
106,2211306.0,,,,,,,,,,,,
107,2211307.0,,,,,,,,,,,,
108,2211308.0,,,,,,,,,,,,
109,2211309.0,,,,,,,,,,,,
110,2211310.0,,,,,,,,,,,,
111,2211311.0,,,,,,,,,,,,
112,2211312.0,,,,,,,,,,,,
113,2211313.0,,,,,,,,,,,,
114,2211314.0,,,,,,,,,,,,
115,2211315.0,,,,,,,,,,,,
116,2211316.0,,,,,,,,,,,,
117,2211317.0,,,,,,,,,,,,
118,2211318.0,,,,,,,,,,,,
119,2211319.0,,,,,,,,,,,,
120,2211320.0,,,,,,,,,,,,
121,2211321.0,,,,,,,,,,,,
122,2211322.0,,,,,,,,,,,,
123,2211323.0,,,,,,,,,,,,
124,2211324.0,,,,,,,,,,,,
125,2211325.0,,,,,,,,,,,,
126,2211326.0,,,,,,,,,,,,
127,2211327.0,,,,,,,,,,,,
128,2211328.0,,,,,,,,,,,,
129,2211329.0,,,,,,,,,,,,
130,2211330.0,,,,,,,,,,,,
131,2211331.0,,,,,,,,,,,,
132,2211332.0,,,,,,,,,,,,
133,2211333.0,,,,,,,,,,,,
134,2211334.0,,,,,,,,,,,,
135,2211335.0,,,,,,,,,,,,
136,2211336.0,,,,,,,,,,,,
137,2211337.0,,,,,,,,,,,,
138,2211338.0,,,,,,,,,,,,
139,2211339.0,,,,,,,,,,,,
140,2211340.0,,,,,,,,,,,,
141,2211341.0,,,,,,,,,,,,
142,2211342.0,,,,,,,,,,,,
143,2211343.0,,,,,,,,,,,,
144,2211344.0,,,,,,,,,,,,
145,2211345.0,,,,,,,,,,,,
146,2211346.0,,,,,,,,,,,,
147,2211347.0,,,,,,,,,,,,
148,2211348.0,,,,,,,,,,,,
149,2211349.0,,,,,,,,,,,,
150,2211350.0,,,,,,,,,,,,
151,2211351.0,,,,,,,,,,,,
152,2211352.0,,,,,,,,,,,,
153,2211353.0,,,,,,,,,,,,
154,2211354.0,,,,,,,,,,,,
155,2211355.0,,,,,,,,,,,,
156,2211356.0,,,,,,,,,,,,
157,2211357.0,,,,,,,,,,,,
158,2211358.0,,,,,,,,,,,,
159,2211359.0,,,,,,,,,,,,
160,2211360.0,,,,,,,,,,,,
161,2211361.0,,,,,,,,,,,,
162,2211362.0,,,,,,,,,,,,
163,2211363.0,,,,,,,,,,,,
164,2211364.0,,,,,,,,,,,,
165,2211365.0,,,,,,,,,,,,
166,2211366.0,,,,,,,,,,,,
167,2211367.0,,,,,,,,,,,,
168,2211368.0,,,,,,,,,,,,
169,2211369.0,,,,,,,,,,,,
170,2211370.0,,,,,,,,,,,,
171,2211371.0,,,,,,,,,,,,
172,2211372.0,,,,,,,,,,,,
173,2211373.0,,,,,,,,,,,,
174,2211374.0,,,,,,,,,,,,
175,2211375.0,,,,,,,,,,,,
176,2211376.0,,,,,,,,,,,,
177,2211377.0,,,,,,,,,,,,
178,2211378.0,,,,,,,,,,,,
179,2211379.0,,,,,,,,,,,,
180,2211380.0,,,,,,,,,,,,
181,2211381.0,,,,,,,,,,,,
182,2211382.0,,,,,,,,,,,,
183,2211383.0,,,,,,,,,,,,
184,2211384.0,,,,,,,,,,,,
185,2211385.0,,,,,,,,,,,,
186,2211386.0,,,,,,,,,,,,
187,2211387.0,,,,,,,,,,,,
188,2211388.0,,,,,,,,,,,,
189,2211389.0,,,,,,,,,,,,
190,2211390.0,,,,,,,,,,,,
191,2211391.0,,,,,,,,,,,,
192,2211392.0,,,,,,,,,,,,
193,2211393.0,,,,,,,,,,,,
194,2211394.0,,,,,,,,,,,,
195,2211395.0,,,,,,,,,,,,
196,2211396.0,,,,,,,,,,,,
197,2211397.0,,,,,,,,,,,,
198,2211398.0,,,,,,,,,,,,
199,2211399.0,,,,,,,,,,,,
200,2211400.0,,,,,,,,,,,,
201,2211401.0,,,,,,,,,,,,
202,2211402.0,,,,,,,,,,,,
203,2211403.0,,,,,,,,,,,,
204,2211404.0,,,,,,,,,,,,
205,2211405.0,,,,,,,,,,,,
206,2211406.0,,,,,,,,,,,,
207,2211407.0,,,,,,,,,,,,
208,2211408.0,,,,,,,,,,,,
209,2211409.0,,,,,,,,,,,,
210,2211410.0,,,,,,,,,,,,
211,2211411.0,,,,,,,,,,,,
212,2211412.0,,,,,,,,,,,,
213,2211413.0,,,,,,,,,,,,
214,2211414.0,,,,,,,,,,,,
215,2211415.0,,,,,,,,,,,,
216,2211416.0,,,,,,,,,,,,
217,2211417.0,,,,,,,,,,,,
218,2211418.0,,,,,,,,,,,,
219,2211419.0,,,,,,,,,,,,
220,2211420.0,,,,,,,,,,,,
221,2211421.0,,,,,,,,,,,,
222,2211422.0,,,,,,,,,,,,
223,2211423.0,,,,,,,,,,,,
224,2211424.0,,,,,,,,,,,,
225,2211425.0,,,,,,,,,,,,
226,2211426.0,,,,,,,,,,,,
227,2211427.0,,,,,,,,,,,,
228,2211428.0,,,,,,,,,,,,
229,2211429.0,,,,,,,,,,,,
230,2211430.0,,,,,,,,,,,,
231,2211431.0,,,,,,,,,,,,
232,2211432.0,,,,,,,,,,,,
233,2211433.0,,,,,,,,,,,,
234,2211434.0,,,,,,,,,,,,
235,2211435.0,,,,,,,,,,,,
236,2211436.0,,,,,,,,,,,,
237,2211437.0,,,,,,,,,,,,
238,2211438.0,,,,,,,,,,,,
239,2211439.0,,,,,,,,,,,,
240,2211440.0,,,,,,,,,,,,
241,2211441.0,,,,,,,,,,,,
242,2211442.0,,,,,,,,,,,,
243,2211443.0,,,,,,,,,,,,
244,2211444.0,,,,,,,,,,,,
245,2211445.0,,,,,,,,,,,,
246,2211446.0,,,,,,,,,,,,
247,2211447.0,,,,,,,,,,,,
248,2211448.0,,,,,,,,,,,,
249,2211449.0,,,,,,,,,,,,
250,2211450.0,,,,,,,,,,,,
251,2211451.0,,,,,,,,,,,,
252,2211452.0,,,,,,,,,,,,
253,2211453.0,,,,,,,,,,,,
254,2211454.0,,,,,,,,,,,,
255,2211455.0,,,,,,,,,,,,
256,2211456.0,,,,,,,,,,,,
257,2211457.0,,,,,,,,,,,,
258,2211458.0,,,,,,,,,,,,
259,2211459.0,,,,,,,,,,,,
260,2211460.0,,,,,,,,,,,,
261,2211461.0,,,,,,,,,,,,
262,2211462.0,,,,,,,,,,,,
263,2211463.0,,,,,,,,,,,,
264,2211464.0,,,,,,,,,,,,
265,2211465.0,,,,,,,,,,,,
266,2211466.0,,,,,,,,,,,,
267,2211467.0,,,,,,,,,,,,
268,2211468.0,,,,,,,,,,,,
269,2211469.0,,,,,,,,,,,,
270,2211470.0,,,,,,,,,,,,
271,2211471.0,,,,,,,,,,,,
272,2211472.0,,,,,,,,,,,,
273,2211473.0,,,,,,,,,,,,
274,2211474.0,,,,,,,,,,,,
275,2211475.0,,,,,,,,,,,,
276,2211476.0,,,,,,,,,,,,
277,2211477.0,,,,,,,,,,,,
278,2211478.0,,,,,,,,,,,,
279,2211479.0,,,,,,,,,,,,
280,2211480.0,,,,,,,,,,,,
281,2211481.0,,,,,,,,,,,,
282,2211482.0,,,,,,,,,,,,
283,2211483.0,,,,,,,,,,,,
284,2211484.0,,,,,,,,,,,,
285,2211485.0,,,,,,,,,,,,
286,2211486.0,,,,,,,,,,,,
287,2211487.0,,,,,,,,,,,,
288,2211488.0,,,,,,,,,,,,
289,2211489.0,,,,,,,,,,,,
290,2211490.0,,,,,,,,,,,,
291,2211491.0,,,,,,,,,,,,
292,2211492.0,,,,,,,,,,,,
293,2211493.0,,,,,,,,,,,,
294,2211494.0,,,,,,,,,,,,
295,2211495.0,,,,,,,,,,,,
296,2211496.0,,,,,,,,,,,,
297,2211497.0,,,,,,,,,,,,
298,2211498.0,,,,,,,,,,,,
299,2211499.0,,,,,,,,,,,,
300,2211500.0,,,,,,,,,,,,
301,2211501.0,,,,,,,,,,,,
302,2211502.0,,,,,,,,,,,,
303,2211503.0,,,,,,,,,,,,
304,2211504.0,,,,,,,,,,,,
305,2211505.0,,,,,,,,,,,,
306,2211506.0,,,,,,,,,,,,
307,2211507.0,,,,,,,,,,,,
308,2211508.0,,,,,,,,,,,,
309,2211509.0,,,,,,,,,,,,
310,2211510.0,,,,,,,,,,,,
311,2211511.0,,,,,,,,,,,,
312,2211512.0,,,,,,,,,,,,
313,2211513.0,,,,,,,,,,,,
314,2211514.0,,,,,,,,,,,,
315,2211515.0,,,,,,,,,,,,
316,2211516.0,,,,,,,,,,,,
317,2211517.0,,,,,,,,,,,,
318,2211518.0,,,,,,,,,,,,
319,2211519.0,,,,,,,,,,,,
320,2211520.0,,,,,,,,,,,,
321,2211521.0,,,,,,,,,,,,
322,2211522.0,,,,,,,,,,,,
323,2211523.0,,,,,,,,,,,,
324,2211524.0,,,,,,,,,,,,
325,2211525.0,,,,,,,,,,,,
326,2211526.0,,,,,,,,,,,,
327,2211527.0,,,,,,,,,,,,
328,2211528.0,,,,,,,,,,,,
329,2211529.0,,,,,,,,,,,,
330,2211530.0,,,,,,,,,,,,
331,2211531.0,,,,,,,,,,,,
332,2211532.0,,,,,,,,,,,,
333,2211533.0,,,,,,,,,,,,
334,2211534.0,,,,,,,,,,,,
335,2211535.0,,,,,,,,,,,,
336,2211536.0,,,,,,,,,,,,
337,2211537.0,,,,,,,,,,,,
338,2211538.0,,,,,,,,,,,,
339,2211539.0,,,,,,,,,,,,
340,2211540.0,,,,,,,,,,,,
341,2211541.0,,,,,,,,,,,,
342,2211542.0,,,,,,,,,,,,
343,2211543.0,,,,,,,,,,,,
344,2211544.0,,,,,,,,,,,,
345,2211545.0,,,,,,,,,,,,
346,2211546.0,,,,,,,,,,,,
347,2211547.0,,,,,,,,,,,,
348,2211548.0,,,,,,,,,,,,
349,2211549.0,,,,,,,,,,,,
350,2211550.0,,,,,,,,,,,,
351,2211551.0,,,,,,,,,,,,
352,2211552.0,,,,,,,,,,,,
353,2211553.0,,,,,,,,,,,,
354,2211554.0,,,,,,,,,,,,
355,2211555.0,,,,,,,,,,,,
356,2211556.0,,,,,,,,,,,,
357,2211557.0,,,,,,,,,,,,
358,2211558.0,,,,,,,,,,,,
359,2211559.0,,,,,,,,,,,,
360,2211560.0,,,,,,,,,,,,
361,2211561.0,,,,,,,,,,,,
362,2211562.0,,,,,,,,,,,,
363,2211563.0,,,,,,,,,,,,
364,2211564.0,,,,,,,,,,,,
365,2211565.0,,,,,,,,,,,,
366,2211566.0,,,,,,,,,,,,
367,2211567.0,,,,,,,,,,,,
368,2211568.0,,,,,,,,,,,,
369,2211569.0,,,,,,,,,,,,
370,2211570.0,,,,,,,,,,,,
371,2211571.0,,,,,,,,,,,,
372,2211572.0,,,,,,,,,,,,
373,2211573.0,,,,,,,,,,,,
374,2211574.0,,,,,,,,,,,,
375,2211575.0,,,,,,,,,,,,
376,2211576.0,,,,,,,,,,,,
377,2211577.0,,,,,,,,,,,,
378,2211578.0,,,,,,,,,,,,
379,2211579.0,,,,,,,,,,,,
380,2211580.0,,,,,,,,,,,,
381,2211581.0,,,,,,,,,,,,
382,2211582.0,,,,,,,,,,,,
383,2211583.0,,,,,,,,,,,,
384,2211584.0,,,,,,,,,,,,
385,2211585.0,,,,,,,,,,,,
386,2211586.0,,,,,,,,,,,,
387,2211587.0,,,,,,,,,,,,
388,2211588.0,,,,,,,,,,,,
389,2211589.0,,,,,,,,,,,,
390,2211590.0,,,,,,,,,,,,
391,2211591.0,,,,,,,,,,,,
392,2211592.0,,,,,,,,,,,,
393,2211593.0,,,,,,,,,,,,
394,2211594.0,,,,,,,,,,,,
395,2211595.0,,,,,,,,,,,,
396,2211596.0,,,,,,,,,,,,
397,2211597.0,,,,,,,,,,,,
398,2211598.0,,,,,,,,,,,,
399,2211599.0,,,,,,,,,,,,
400,2211600.0,,,,,,,,,,,,
401,2211601.0,,,,,,,,,,,,
402,2211602.0,,,,,,,,,,,,
403,2211603.0,,,,,,,,,,,,
404,2211604.0,,,,,,,,,,,,
405,2211605.0,,,,,,,,,,,,
406,2211606.0,,,,,,,,,,,,
407,2211607.0,,,,,,,,,,,,
408,2211608.0,,,,,,,,,,,,
409,2211609.0,,,,,,,,,,,,
410,2211610.0,,,,,,,,,,,,
411,2211611.0,,,,,,,,,,,,
412,2211612.0,,,,,,,,,,,,
413,2211613.0,,,,,,,,,,,,
414,2211614.0,,,,,,,,,,,,
415,2211615.0,,,,,,,,,,,,
416,2211616.0,,,,,,,,,,,,
417,2211617.0,,,,,,,,,,,,
418,2211618.0,,,,,,,,,,,,
419,2211619.0,,,,,,,,,,,,
420,2211620.0,,,,,,,,,,,,
421,2211621.0,,,,,,,,,,,,
422,2211622.0,,,,,,,,,,,,
423,2211623.0,,,,,,,,,,,,
424,2211624.0,,,,,,,,,,,,
425,2211625.0,,,,,,,,,,,,
426,2211626.0,,,,,,,,,,,,
427,2211627.0,,,,,,,,,,,,
428,2211628.0,,,,,,,,,,,,
429,2211629.0,,,,,,,,,,,,
430,2211630.0,,,,,,,,,,,,
431,2211631.0,,,,,,,,,,,,
432,2211632.0,,,,,,,,,,,,
433,2211633.0,,,,,,,,,,,,
434,2211634.0,,,,,,,,,,,,
435,2211635.0,,,,,,,,,,,,
436,2211636.0,,,,,,,,,,,,
437,2211637.0,,,,,,,,,,,,
438,2211638.0,,,,,,,,,,,,
439,2211639.0,,,,,,,,,,,,
440,2211640.0,,,,,,,,,,,,
441,2211641.0,,,,,,,,,,,,
442,2211642.0,,,,,,,,,,,,
443,2211643.0,,,,,,,,,,,,
444,2211644.0,,,,,,,,,,,,
445,2211645.0,,,,,,,,,,,,
446,2211646.0,,,,,,,,,,,,
447,2211647.0,,,,,,,,,,,,
448,2211648.0,,,,,,,,,,,,
449,2211649.0,,,,,,,,,,,,
450,2211650.0,,,,,,,,,,,,
451,2211651.0,,,,,,,,,,,,
452,2211652.0,,,,,,,,,,,,
453,2211653.0,,,,,,,,,,,,
454,2211654.0,,,,,,,,,,,,
455,2211655.0,,,,,,,,,,,,
456,2211656.0,,,,,,,,,,,,
457,2211657.0,,,,,,,,,,,,
458,2211658.0,,,,,,,,,,,,
459,2211659.0,,,,,,,,,,,,
460,2211660.0,,,,,,,,,,,,
461,2211661.0,,,,,,,,,,,,
462,2211662.0,,,,,,,,,,,,
463,2211663.0,,,,,,,,,,,,
464,2211664.0,,,,,,,,,,,,
465,2211665.0,,,,,,,,,,,,
466,2211666.0,,,,,,,,,,,,
467,2211667.0,,,,,,,,,,,,
468,2211668.0,,,,,,,,,,,,
469,2211669.0,,,,,,,,,,,,
470,2211670.0,,,,,,,,,,,,
471,2211671.0,,,,,,,,,,,,
472,2211672.0,,,,,,,,,,,,
473,2211673.0,,,,,,,,,,,,
474,2211674.0,,,,,,,,,,,,
475,2211675.0,,,,,,,,,,,,
476,2211676.0,,,,,,,,,,,,
477,2211677.0,,,,,,,,,,,,
478,2211678.0,,,,,,,,,,,,
479,2211679.0,,,,,,,,,,,,
480,2211680.0,,,,,,,,,,,,
481,2211681.0,,,,,,,,,,,,
482,2211682.0,,,,,,,,,,,,
483,2211683.0,,,,,,,,,,,,
484,2211684.0,,,,,,,,,,,,
485,2211685.0,,,,,,,,,,,,
486,2211686.0,,,,,,,,,,,,
487,2211687.0,,,,,,,,,,,,
488,2211688.0,,,,,,,,,,,,
489,2211689.0,,,,,,,,,,,,
490,2211690.0,,,,,,,,,,,,
491,2211691.0,,,,,,,,,,,,
492,2211692.0,,,,,,,,,,,,
493,2211693.0,,,,,,,,,,,,
494,2211694.0,,,,,,,,,,,,
495,2211695.0,,,,,,,,,,,,
496,2211696.0,,,,,,,,,,,,
497,2211697.0,,,,,,,,,,,,
498,2211698.0,,,,,,,,,,,,
499,2211699.0,,,,,,,,,,,,
